-- ################################
-- ##### DIA 04 - AUTORENTAL ######
-- ################################

create database mysql2_d04;
use mysql2_d04;

create table sucursal(
    id int primary key auto_increment not null,
    ciudad varchar(100) not null,
    direccion varchar(100) not null,
    telefono varchar(15) not null,
    celular varchar(15) not null,
    email varchar(200) not null
);

create table cliente(
    id int primary key auto_increment not null,
    cedula varchar(10) not null,
    nombres varchar(100) not null,
    apellidos varchar(100) not null,
    direccion varchar(100) not null,
    ciudad varchar(100) not null,
    celular varchar(15) not null,
    email varchar(200) not null
);

create table vehiculo(
	id int primary key auto_increment not null,
    tipo enum("Sedán", "Compacto", "Camioneta Platón", "Camioneta lujo", "Deportivo") not null,
    placha varchar(7) not null,
    referencia varchar(100) not null,
    modelo YEAR not null,
    puertas tinyint(1) not null,
    capacidad varchar(50) not null,
    sunroof enum("Tiene","No tiene"),
    motor varchar(50) not null,
    color varchar(25) not null
);

create table empleado(
    id int primary key auto_increment not null,
    id_sucursal int,
    foreign key(id_sucursal)references sucursal(id),
    cedula varchar(10) not null,
    nombres varchar(100) not null,
    apellidos varchar(100) not null,
    direccion varchar(100) not null,
    ciudad varchar(100) not null,
    celular varchar(15) not null,
    email varchar(200) not null
);

create table alquiler(
    id int primary key auto_increment not null,
    id_vehiculo int not null,
    foreign key(id_vehiculo)references vehiculo(id),
    id_cliente int not null,
    foreign key(id_cliente)references cliente(id),
    id_empleado int not null,
    foreign key(id_empleado)references empleado(id),
    id_sucursal_salida int not null,
    foreign key(id_sucursal_salida)references sucursal(id),
    fecha_salida DATE not null,
    id_sucursal_llegada int not null,
    foreign key(id_sucursal_llegada)references sucursal(id),
    fecha_llegada DATE,
    fecha_esperada_llegada DATE not null,
    valor_semana decimal(10,2),
    valor_dia decimal(10,2),
    descuento float,
    valor_cotizado decimal(10,2),
    valor_pagado decimal(10,2)
);

-- Modificar inserciones de la IA (Importante):
UPDATE sucursal
SET email = REPLACE(email, '@example.com', '@gmail.com')
WHERE email LIKE '%@example.com';

-- Inserciones alquiler
INSERT INTO alquiler (id_vehiculo, id_cliente, id_empleado, id_sucursal_salida, fecha_salida, id_sucursal_llegada, fecha_llegada, fecha_esperada_llegada, valor_semana, valor_dia, descuento, valor_cotizado, valor_pagado)
VALUES
(10, 25, 50, 12, '2023-02-10', 45, '2023-02-13', '2023-02-15', 200.00, 25.00, NULL, 500.00, 500.00),
(5, 15, 30, 8, '2023-03-05', 60, '2023-03-08', '2023-03-10', 150.00, 20.00, 0.15, 400.00, 340.00),
(20, 8, 72, 17, '2023-04-20', 5, '2023-04-23', '2023-04-25', 180.00, 22.00, NULL, 450.00, 450.00),
(3, 12, 40, 11, '2023-05-03', 27, '2023-05-06', '2023-05-08', 160.00, 18.00, NULL, 380.00, 380.00),
(15, 35, 21, 33, '2023-06-15', 90, '2023-06-18', '2023-06-20', 220.00, 30.00, 0.2, 600.00, 480.00),
(7, 18, 55, 24, '2023-07-07', 76, '2023-07-10', '2023-07-12', 190.00, 26.00, NULL, 520.00, 520.00),
(30, 42, 67, 29, '2023-08-30', 18, '2023-09-02', '2023-09-04', 250.00, 35.00, NULL, 700.00, 700.00),
(25, 7, 83, 44, '2023-09-25', 14, '2023-09-28', '2023-09-30', 230.00, 32.00, 0.25, 650.00, 487.50),
(8, 28, 14, 6, '2023-10-08', 82, '2023-10-11', '2023-10-13', 200.00, 28.00, NULL, 580.00, 580.00),
(12, 55, 60, 19, '2023-11-12', 37, '2023-11-15', '2023-11-17', 210.00, 29.00, NULL, 600.00, 600.00),
(18, 38, 95, 41, '2023-12-18', 3, '2023-12-21', '2023-12-23', 240.00, 34.00, 0.18, 670.00, 549.40),
(11, 20, 78, 14, '2024-01-11', 50, '2024-01-14', '2024-01-16', 205.00, 27.50, NULL, 590.00, 590.00),
(22, 19, 37, 22, '2024-02-22', 63, '2024-02-25', '2024-02-27', 185.00, 23.50, NULL, 470.00, 470.00),
(14, 2, 41, 10, '2024-03-14', 88, '2024-03-17', '2024-03-19', 175.00, 21.00, 0.12, 420.00, 369.60),
(9, 45, 82, 25, '2024-04-09', 31, '2024-04-12', '2024-04-14', 195.00, 25.50, NULL, 530.00, 530.00),
(28, 75, 59, 37, '2024-05-28', 94, '2024-05-31', '2024-06-02', 265.00, 38.00, NULL, 750.00, 750.00),
(21, 10, 90, 16, '2024-06-21', 9, '2024-06-24', '2024-06-26', 225.00, 31.00, 0.22, 620.00, 483.60),
(17, 32, 5, 28, '2024-07-17', 72, '2024-07-20', '2024-07-22', 235.00, 33.00, NULL, 680.00, 680.00),
(6, 14, 70, 18, '2024-08-06', 48, '2024-08-09', '2024-08-11', 195.00, 26.00, NULL, 540.00, 540.00),
(4, 29, 47, 13, '2024-09-04', 81, '2024-09-07', '2024-09-09', 165.00, 19.00, 0.16, 430.00, 360.40),
(13, 50, 3, 15, '2024-10-13', 55, '2024-10-16', '2024-10-18', 215.00, 30.50, NULL, 630.00, 630.00),
(29, 22, 65, 36, '2024-11-29', 11, '2024-12-02', '2024-12-04', 260.00, 36.00, NULL, 720.00, 720.00),
(16, 40, 87, 21, '2024-12-16', 67, '2024-12-19', '2024-12-21', 240.00, 34.00, 0.2, 670.00, 536.00),
(19, 60, 11, 40, '2025-01-19', 6, '2025-01-22', '2025-01-24', 220.00, 31.00, NULL, 600.00, 600.00),
(24, 36, 23, 23, '2025-02-24', 61, '2025-02-27', '2025-02-28', 190.00, 27.00, 0.14, 560.00, 481.60),
(2, 13, 80, 9, '2025-03-02', 87, '2025-03-05', '2025-03-07', 170.00, 22.50, NULL, 490.00, 490.00),
(27, 59, 43, 34, '2025-04-27', 93, '2025-04-30', '2025-05-02', 270.00, 39.00, NULL, 780.00, 780.00),
(23, 17, 76, 20, '2025-05-23', 7, '2025-05-26', '2025-05-28', 230.00, 32.00, 0.25, 650.00, 487.50),
(1, 5, 9, 5, '2025-06-01', 79, '2025-06-04', '2025-06-06', 200.00, 28.00, NULL, 580.00, 580.00),
(26, 48, 85, 32, '2025-07-26', 15, '2025-07-29', '2025-07-31', 250.00, 35.00, NULL, 700.00, 700.00),
(10, 26, 51, 13, '2025-08-10', 46, '2025-08-13', '2025-08-15', 205.00, 28.50, 0.1, 590.00, 531.00),
(5, 16, 31, 9, '2025-09-05', 61, '2025-09-08', '2025-09-10', 175.00, 23.00, NULL, 510.00, 510.00),
(20, 9, 73, 18, '2025-10-20', 6, '2025-10-23', '2025-10-25', 185.00, 25.00, NULL, 540.00, 540.00),
(3, 13, 41, 10, '2025-11-03', 28, '2025-11-06', '2025-11-08', 165.00, 20.50, 0.12, 450.00, 396.00),
(15, 36, 22, 22, '2025-12-15', 91, '2025-12-18', '2025-12-20', 225.00, 32.00, NULL, 620.00, 620.00),
(7, 19, 56, 25, '2026-01-07', 77, '2026-01-10', '2026-01-12', 195.00, 27.00, NULL, 560.00, 560.00),
(32, 55, 67, 22, '2023-02-28', 89, '2023-03-03', '2023-03-05', 220.00, 30.00, NULL, 600.00, 600.00),
(48, 39, 14, 34, '2023-03-15', 13, '2023-03-18', '2023-03-20', 180.00, 22.00, 0.1, 450.00, 405.00),
(27, 4, 82, 17, '2023-04-01', 52, '2023-04-04', '2023-04-06', 190.00, 25.00, NULL, 520.00, 520.00),
(16, 18, 23, 7, '2023-05-10', 77, '2023-05-13', '2023-05-15', 165.00, 20.00, NULL, 430.00, 430.00),
(5, 10, 41, 12, '2023-06-05', 36, '2023-06-08', '2023-06-10', 150.00, 18.00, 0.15, 400.00, 340.00),
(21, 28, 62, 29, '2023-07-20', 65, '2023-07-23', '2023-07-25', 230.00, 32.00, NULL, 650.00, 650.00),
(39, 17, 85, 38, '2023-08-10', 10, '2023-08-13', '2023-08-15', 250.00, 35.00, 0.2, 700.00, 560.00),
(12, 3, 50, 5, '2023-09-02', 93, '2023-09-05', '2023-09-07', 200.00, 28.00, NULL, 580.00, 580.00),
(8, 6, 73, 18, '2023-10-01', 24, '2023-10-04', '2023-10-06', 185.00, 23.00, NULL, 510.00, 510.00),
(23, 45, 31, 41, '2023-11-12', 80, '2023-11-15', '2023-11-17', 215.00, 30.00, NULL, 620.00, 620.00),
(45, 27, 15, 26, '2023-12-05', 58, '2023-12-08', '2023-12-10', 170.00, 22.50, 0.12, 480.00, 422.40),
(31, 9, 68, 14, '2024-01-18', 87, '2024-01-21', '2024-01-23', 225.00, 31.00, NULL, 630.00, 630.00),
(17, 22, 47, 33, '2024-02-14', 16, '2024-02-17', '2024-02-19', 240.00, 33.00, NULL, 680.00, 680.00),
(7, 14, 56, 9, '2024-03-10', 72, '2024-03-13', '2024-03-15', 195.00, 26.00, NULL, 540.00, 540.00),
(34, 20, 89, 24, '2024-04-04', 6, '2024-04-07', '2024-04-09', 185.00, 24.50, 0.18, 500.00, 410.00),
(19, 33, 65, 10, '2024-05-20', 83, '2024-05-23', '2024-05-25', 210.00, 29.00, NULL, 600.00, 600.00),
(9, 8, 77, 19, '2024-06-15', 42, '2024-06-18', '2024-06-20', 195.00, 27.00, NULL, 560.00, 560.00),
(26, 54, 10, 8, '2024-07-05', 97, '2024-07-08', '2024-07-10', 260.00, 36.00, 0.25, 740.00, 555.00),
(13, 16, 43, 28, '2024-08-10', 25, '2024-08-13', '2024-08-15', 235.00, 32.00, NULL, 670.00, 670.00),
(41, 30, 81, 37, '2024-09-25', 54, '2024-09-28', '2024-09-30', 245.00, 34.00, 0.2, 690.00, 552.00),
(24, 11, 59, 11, '2024-10-20', 70, '2024-10-23', '2024-10-25', 220.00, 30.00, NULL, 620.00, 620.00),
(6, 25, 35, 16, '2024-11-05', 5, '2024-11-08', '2024-11-10', 180.00, 24.00, NULL, 500.00, 500.00),
(37, 48, 94, 30, '2024-12-01', 79, '2024-12-04', '2024-12-06', 270.00, 38.00, NULL, 770.00, 770.00),
(15, 2, 66, 23, '2025-01-15', 31, '2025-01-18', '2025-01-20', 230.00, 32.00, 0.22, 650.00, 507.00),
(29, 5, 21, 3, '2025-02-05', 47, '2025-02-08', '2025-02-10', 195.00, 26.50, NULL, 550.00, 550.00),
(11, 38, 74, 15, '2025-03-20', 88, '2025-03-23', '2025-03-25', 205.00, 29.00, NULL, 590.00, 590.00),
(4, 19, 52, 20, '2025-04-10', 63, '2025-04-13', '2025-04-15', 175.00, 23.50, 0.16, 460.00, 386.40),
(22, 36, 86, 25, '2025-05-15', 17, '2025-05-18', '2025-05-20', 240.00, 33.00, NULL, 680.00, 680.00),
(43, 14, 60, 4, '2025-06-03', 74, '2025-06-06', '2025-06-08', 250.00, 35.00, 0.25, 700.00, 525.00),
(18, 27, 92, 39, '2025-07-25', 23, '2025-07-28', '2025-07-30', 225.00, 31.50, NULL, 640.00, 640.00),
(2, 7, 39, 1, '2025-08-10', 68, '2025-08-13', '2025-08-15', 200.00, 27.50, NULL, 580.00, 580.00),
(35, 23, 13, 32, '2025-09-15', 92, '2025-09-18', '2025-09-20', 260.00, 36.00, 0.2, 730.00, 584.00),
(25, 42, 78, 21, '2025-10-25', 32, '2025-10-28', '2025-10-30', 235.00, 32.50, NULL, 670.00, 670.00),
(10, 57, 84, 6, '2025-11-10', 73, '2025-11-13', '2025-11-15', 215.00, 29.00, NULL, 600.00, 600.00),
(1, 24, 49, 2, '2025-12-01', 90, '2025-12-04', '2025-12-06', 210.00, 28.50, 0.18, 590.00, 483.80),
(36, 37, 63, 35, '2026-01-20', 12, '2026-01-23', '2026-01-25', 270.00, 37.00, NULL, 780.00, 780.00),
(14, 31, 71, 13, '2026-02-14', 55, '2026-02-17', '2026-02-19', 225.00, 31.00, 0.22, 640.00, 499.20),
(30, 12, 55, 27, '2026-03-30', 82, '2026-04-02', '2026-04-04', 245.00, 34.50, NULL, 690.00, 690.00),
(20, 40, 16, 28, '2026-04-20', 4, '2026-04-23', '2026-04-25', 230.00, 32.00, NULL, 660.00, 660.00),
(3, 15, 46, 11, '2026-05-03', 71, '2026-05-06', '2026-05-08', 205.00, 27.50, 0.15, 570.00, 484.50),
(49, 52, 87, 40, '2026-06-10', 29, '2026-06-13', '2026-06-15', 280.00, 40.00, NULL, 800.00, 800.00),
(28, 29, 83, 36, '2026-07-28', 50, '2026-07-31', '2026-08-02', 265.00, 37.00, 0.25, 750.00, 562.50),
(47, 50, 20, 24, '2026-08-15', 8, '2026-08-18', '2026-08-20', 255.00, 35.00, NULL, 720.00, 720.00),
(42, 32, 75, 31, '2026-09-05', 56, '2026-09-08', '2026-09-10', 255.00, 35.00, NULL, 720.00, 720.00),
(33, 21, 69, 25, '2026-10-12', 7, '2026-10-15', '2026-10-17', 245.00, 34.00, 0.2, 690.00, 552.00),
(46, 51, 88, 30, '2026-11-20', 76, '2026-11-23', '2026-11-25', 270.00, 37.50, NULL, 780.00, 780.00),
(38, 43, 19, 18, '2026-12-08', 85, '2026-12-11', '2026-12-13', 260.00, 36.00, NULL, 740.00, 740.00),
(40, 53, 64, 37, '2027-01-01', 3, '2027-01-04', '2027-01-06', 280.00, 38.50, 0.25, 800.00, 600.00),
(44, 58, 93, 39, '2027-02-18', 19, '2027-02-21', '2027-02-23', 275.00, 38.00, NULL, 790.00, 790.00),
(50, 34, 70, 15, '2027-03-15', 37, '2027-03-18', '2027-03-20', 285.00, 40.00, 0.22, 820.00, 639.60),
(25, 24, 49, 2, '2027-04-10', 90, '2027-04-13', '2027-04-15', 210.00, 28.50, 0.18, 590.00, 483.80),
(36, 37, 63, 35, '2027-05-20', 12, '2027-05-23', '2027-05-25', 270.00, 37.00, NULL, 780.00, 780.00),
(14, 31, 71, 13, '2027-06-15', 55, '2027-06-18', '2027-06-20', 225.00, 31.00, 0.22, 640.00, 499.20),
(30, 12, 55, 27, '2027-07-05', 82, '2027-07-08', '2027-07-10', 245.00, 34.50, NULL, 690.00, 690.00),
(20, 40, 16, 28, '2027-08-01', 4, '2027-08-04', '2027-08-06', 230.00, 32.00, NULL, 660.00, 660.00),
(3, 15, 46, 11, '2027-09-10', 71, '2027-09-13', '2027-09-15', 205.00, 27.50, 0.15, 570.00, 484.50),
(49, 52, 87, 40, '2027-10-05', 29, '2027-10-08', '2027-10-10', 280.00, 40.00, NULL, 800.00, 800.00),
(28, 29, 83, 36, '2027-11-15', 50, '2027-11-18', '2027-11-20', 265.00, 37.00, 0.25, 750.00, 562.50),
(47, 50, 20, 24, '2027-12-10', 8, '2027-12-13', '2027-12-15', 255.00, 35.00, NULL, 720.00, 720.00),
(42, 32, 75, 31, '2028-01-05', 56, '2028-01-08', '2028-01-10', 255.00, 35.00, NULL, 720.00, 720.00),
(33, 21, 69, 25, '2028-02-20', 7, '2028-02-23', '2028-02-25', 245.00, 34.00, 0.2, 690.00, 552.00),
(46, 51, 88, 30, '2028-03-15', 76, '2028-03-18', '2028-03-20', 270.00, 37.50, NULL, 780.00, 780.00),
(38, 43, 19, 18, '2028-04-01', 85, '2028-04-04', '2028-04-06', 260.00, 36.00, NULL, 740.00, 740.00),
(40, 53, 64, 37, '2028-05-10', 3, '2028-05-13', '2028-05-15', 280.00, 38.50, 0.25, 800.00, 600.00);

-- Inseciones empleado
INSERT INTO empleado (id,id_sucursal, cedula, nombres, apellidos, direccion, ciudad, celular, email) VALUES
(1, 12, '1234567890', 'Juan Carlos', 'Gómez Ramírez', 'Carrera 10 # 11-12', 'Bogotá', '3123456789', 'juancarlos.gomez@gmail.com'),
(2, 45, '2345678901', 'María', 'González', 'Calle 20 # 21-22', 'Medellín', '3212345678', 'maria.gonzalez@gmail.com'),
(3, 78, '3456789012', 'Luis', 'Hernández', 'Avenida 30 # 31-32', 'Cali', '3323456789', 'luis.hernandez@gmail.com'),
(4, 32, '4567890123', 'Ana María', 'López', 'Carrera 40 # 41-42', 'Barranquilla', '3434567890', 'ana.lopez@gmail.com'),
(5, 11, '5678901234', 'Pedro', 'Martínez', 'Calle 50 # 51-52', 'Cartagena', '3545678901', 'pedro.martinez@gmail.com'),
(6, 65, '6789012345', 'Laura', 'Rodríguez', 'Avenida 60 # 61-62', 'Bogotá', '3656789012', 'laura.rodriguez@gmail.com'),
(7, 23, '7890123456', 'Carlos', 'Pérez', 'Carrera 70 # 71-72', 'Medellín', '3767890123', 'carlos.perez@gmail.com'),
(8, 87, '8901234567', 'María José', 'Gómez', 'Calle 80 # 81-82', 'Cali', '3878901234', 'mariajose.gomez@gmail.com'),
(9, 41, '9012345678', 'Jorge', 'Fernández', 'Avenida 90 # 91-92', 'Barranquilla', '3989012345', 'jorge.fernandez@gmail.com'),
(10, 76, '0123456789', 'Fabiola', 'Ramírez', 'Carrera 100 # 101-102', 'Cartagena', '3090123456', 'fabiola.ramirez@gmail.com'),
(11, 5, '1123456789', 'Gabriel', 'López Rodríguez', 'Calle 110 # 111-112', 'Bogotá', '3011234567', 'gabriel.lopez@gmail.com'),
(12, 89, '2123456789', 'Lucía', 'Hernández González', 'Avenida 120 # 121-122', 'Medellín', '3022345678', 'lucia.hernandez@gmail.com'),
(13, 57, '3123456789', 'Andrés', 'Martínez Pérez', 'Carrera 130 # 131-132', 'Cali', '3033456789', 'andres.martinez@gmail.com'),
(14, 34, '4123456789', 'Camila', 'Rodríguez Gómez', 'Calle 140 # 141-142', 'Barranquilla', '3044567890', 'camila.rodriguez@gmail.com'),
(15, 98, '5123456789', 'Juan', 'Pérez Fernández', 'Avenida 150 # 151-152', 'Cartagena', '3055678901', 'juan.perez@gmail.com'),
(16, 54, '6123456789', 'Valentina', 'González Ramírez', 'Carrera 160 # 161-162', 'Bogotá', '3066789012', 'valentina.gonzalez@gmail.com'),
(17, 21, '7123456789', 'Diego', 'Hernández López', 'Calle 170 # 171-172', 'Medellín', '3077890123', 'diego.hernandez@gmail.com'),
(18, 67, '8123456789', 'Sofía', 'Martínez Rodríguez', 'Avenida 180 # 181-182', 'Cali', '3088901234', 'sofia.martinez@gmail.com'),
(19, 10, '9123456789', 'Mateo', 'Gómez Pérez', 'Carrera 190 # 191-192', 'Barranquilla', '3099012345', 'mateo.gomez@gmail.com'),
(20, 43, '0123456780', 'Isabela', 'Hernández González', 'Calle 200 # 201-202', 'Cartagena', '3100123456', 'isabela.hernandez@gmail.com'),
(21, 66, '1123456781', 'Lucas', 'Martínez Ramírez', 'Avenida 210 # 211-212', 'Bogotá', '3111234567', 'lucas.martinez@gmail.com'),
(22, 32, '2123456782', 'Valeria', 'Pérez López', 'Carrera 220 # 221-222', 'Medellín', '3122345678', 'valeria.perez@gmail.com'),
(23, 78, '3123456783', 'Martín', 'González Rodríguez', 'Calle 230 # 231-232', 'Cali', '3133456789', 'martin.gonzalez@gmail.com'),
(24, 44, '4123456784', 'Emma', 'Hernández Martínez', 'Avenida 240 # 241-242', 'Barranquilla', '3144567890', 'emma.hernandez@gmail.com'),
(25, 88, '5123456785', 'Daniel', 'Martínez Pérez', 'Carrera 250 # 251-252', 'Cartagena', '3155678901', 'daniel.martinez@gmail.com'),
(26, 22, '6123456786', 'María José', 'Pérez Gómez', 'Calle 260 # 261-262', 'Bogotá', '3166789012', 'mariajose.perez@gmail.com'),
(27, 55, '7123456787', 'Sebastián', 'González Hernández', 'Avenida 270 # 271-272', 'Medellín', '3177890123', 'sebastian.gonzalez@gmail.com'),
(28, 33, '8123456788', 'Laura Sofía', 'Hernández López', 'Carrera 280 # 281-282', 'Cali', '3188901234', 'laurasofia.hernandez@gmail.com'),
(29, 90, '9123456789', 'Juan Pablo', 'Martínez Rodríguez', 'Calle 290 # 291-292', 'Barranquilla', '3199012345', 'juanpablo.martinez@gmail.com'),
(30, 77, '0123456780', 'Valentina', 'Gómez Pérez', 'Avenida 300 # 301-302', 'Cartagena', '3200123456', 'valentina.gomez@gmail.com'),
(31, 14, '1123456781', 'Diego', 'Hernández González', 'Carrera 310 # 311-312', 'Bogotá', '3211234567', 'diego.hernandez@gmail.com'),
(32, 70, '2123456782', 'Sofía', 'Martínez Ramírez', 'Calle 320 # 321-322', 'Medellín', '3222345678', 'sofia.martinez@gmail.com'),
(33, 45, '3123456783', 'Mateo', 'Pérez López', 'Avenida 330 # 331-332', 'Cali', '3233456789', 'mateo.perez@gmail.com'),
(34, 8, '4123456784', 'Camila', 'González Rodríguez', 'Carrera 340 # 341-342', 'Barranquilla', '3244567890', 'camila.gonzalez@gmail.com'),
(35, 92, '5123456785', 'Juan', 'Hernández Martínez', 'Calle 350 # 351-352', 'Cartagena', '3255678901', 'juan.hernandez@gmail.com'),
(36, 24, '6123456786', 'Valeria', 'Martínez Pérez', 'Avenida 360 # 361-362', 'Bogotá', '3266789012', 'valeria.martinez@gmail.com'),
(37, 56, '7123456787', 'Lucas', 'Pérez Gómez', 'Carrera 370 # 371-372', 'Medellín', '3277890123', 'lucas.perez@gmail.com'),
(38, 11, '8123456788', 'Isabela', 'González Hernández', 'Calle 380 # 381-382', 'Cali', '3288901234', 'isabela.gonzalez@gmail.com'),
(39, 35, '9123456789', 'Lucía', 'Hernández López', 'Avenida 390 # 391-392', 'Barranquilla', '3299012345', 'lucia.hernandez@gmail.com'),
(40, 69, '0123456780', 'Andrés', 'Martínez Rodríguez', 'Carrera 400 # 401-402', 'Cartagena', '3300123456', 'andres.martinez@gmail.com'),
(41, 57, '1123456781', 'Ana', 'González Ramírez', 'Calle 410 # 411-412', 'Bogotá', '3311234567', 'ana.gonzalez@gmail.com'),
(42, 83, '2123456782', 'Javier', 'Hernández González', 'Avenida 420 # 421-422', 'Medellín', '3322345678', 'javier.hernandez@gmail.com'),
(43, 46, '3123456783', 'Valentina', 'Martínez Ramírez', 'Carrera 430 # 431-432', 'Cali', '3333456789', 'valentina.martinez@gmail.com'),
(44, 79, '4123456784', 'Diego', 'Pérez López', 'Calle 440 # 441-442', 'Barranquilla', '3344567890', 'diego.perez@gmail.com'),
(45, 20, '5123456785', 'Sofía', 'González Rodríguez', 'Avenida 450 # 451-452', 'Cartagena', '3355678901', 'sofia.gonzalez@gmail.com'),
(46, 98, '6123456786', 'Mateo', 'Hernández Martínez', 'Carrera 460 # 461-462', 'Bogotá', '3366789012', 'mateo.hernandez@gmail.com'),
(47, 21, '7123456787', 'Camila', 'Martínez Pérez', 'Calle 470 # 471-472', 'Medellín', '3377890123', 'camila.martinez@gmail.com'),
(48, 14, '8123456788', 'Juan Pablo', 'Pérez Gómez', 'Avenida 480 # 481-482', 'Cali', '3388901234', 'juanpablo.perez@gmail.com'),
(49, 80, '9123456789', 'Valeria', 'González Hernández', 'Carrera 490 # 491-492', 'Barranquilla', '3399012345', 'valeria.gonzalez@gmail.com'),
(50, 42, '0123456780', 'Lucas', 'Hernández López', 'Calle 500 # 501-502', 'Cartagena', '3400123456', 'lucas.hernandez@gmail.com'),
(51, 76, '1123456781', 'María José', 'Martínez Rodríguez', 'Avenida 510 # 511-512', 'Bogotá', '3411234567', 'mariajose.martinez@gmail.com'),
(52, 33, '2123456782', 'Gabriel', 'González Ramírez', 'Carrera 520 # 521-522', 'Medellín', '3422345678', 'gabriel.gonzalez@gmail.com'),
(53, 59, '3123456783', 'Laura', 'Hernández González', 'Calle 530 # 531-532', 'Cali', '3433456789', 'laura.hernandez@gmail.com'),
(54, 12, '4123456784', 'Carlos', 'Martínez Ramírez', 'Avenida 540 # 541-542', 'Barranquilla', '3444567890', 'carlos.martinez@gmail.com'),
(55, 87, '5123456785', 'Ana María', 'Pérez López', 'Carrera 550 # 551-552', 'Cartagena', '3455678901', 'ana.maria@gmail.com'),
(56, 28, '6123456786', 'Andrés', 'González Rodríguez', 'Calle 560 # 561-562', 'Bogotá', '3466789012', 'andres.gonzalez@gmail.com'),
(57, 75, '7123456787', 'María', 'Hernández Martínez', 'Avenida 570 # 571-572', 'Medellín', '3477890123', 'maria.hernandez@gmail.com'),
(58, 94, '8123456788', 'Diego', 'Martínez Pérez', 'Carrera 580 # 581-582', 'Cali', '3488901234', 'diego.martinez@gmail.com'),
(59, 68, '9123456789', 'Sofía', 'Pérez Gómez', 'Calle 590 # 591-592', 'Barranquilla', '3499012345', 'sofia.perez@gmail.com'),
(60, 9, '0123456780', 'Mateo', 'González Hernández', 'Avenida 600 # 601-602', 'Cartagena', '3500123456', 'mateo.gonzalez@gmail.com'),
(61, 56, '1123456781', 'Valentina', 'Hernández López', 'Carrera 610 # 611-612', 'Bogotá', '3511234567', 'valentina.hernandez@gmail.com'),
(62, 34, '2123456782', 'Lucas', 'Martínez Rodríguez', 'Calle 620 # 621-622', 'Medellín', '3522345678', 'lucas.martinez@gmail.com'),
(63, 47, '3123456783', 'Isabela', 'González Ramírez', 'Avenida 630 # 631-632', 'Cali', '3533456789', 'isabela.gonzalez@gmail.com'),
(64, 91, '4123456784', 'Martín', 'Hernández González', 'Carrera 640 # 641-642', 'Barranquilla', '3544567890', 'martin.hernandez@gmail.com'),
(65, 55, '5123456785', 'Emma', 'Martínez Ramírez', 'Calle 650 # 651-652', 'Cartagena', '3555678901', 'emma.martinez@gmail.com'),
(66, 13, '6123456786', 'Daniel', 'Pérez López', 'Avenida 660 # 661-662', 'Bogotá', '3566789012', 'daniel.perez@gmail.com'),
(67, 80, '7123456787', 'María José', 'González Rodríguez', 'Carrera 670 # 671-672', 'Medellín', '3577890123', 'mariajose.gonzalez@gmail.com'),
(68, 77, '8123456788', 'Sebastián', 'Hernández Martínez', 'Calle 680 # 681-682', 'Cali', '3588901234', 'sebastian.hernandez@gmail.com'),
(69, 25, '9123456789', 'Laura Sofía', 'Martínez Pérez', 'Avenida 690 # 691-692', 'Barranquilla', '3599012345', 'laurasofia.martinez@gmail.com'),
(70, 14, '0123456780', 'Juan Pablo', 'Pérez Gómez', 'Carrera 700 # 701-702', 'Cartagena', '3600123456', 'juanpablo.perez@gmail.com'),
(71, 68, '1123456781', 'Valeria', 'González Hernández', 'Calle 710 # 711-712', 'Bogotá', '3611234567', 'valeria.gonzalez@gmail.com'),
(72, 33, '2123456782', 'Lucas', 'Hernández López', 'Avenida 720 # 721-722', 'Medellín', '3622345678', 'lucas.hernandez@gmail.com'),
(73, 58, '3123456783', 'Camila', 'Martínez Rodríguez', 'Carrera 730 # 731-732', 'Cali', '3633456789', 'camila.martinez@gmail.com'),
(74, 22, '4123456784', 'Juan', 'Pérez Ramírez', 'Calle 740 # 741-742', 'Barranquilla', '3644567890', 'juan.perez@gmail.com'),
(75, 78, '5123456785', 'Andrés', 'González López', 'Avenida 750 # 751-752', 'Cartagena', '3655678901', 'andres.gonzalez@gmail.com'),
(76, 31, '6123456786', 'María', 'Hernández Rodríguez', 'Carrera 760 # 761-762', 'Bogotá', '3666789012', 'maria.hernandez@gmail.com'),
(77, 89, '7123456787', 'Diego', 'Martínez Gómez', 'Calle 770 # 771-772', 'Medellín', '3677890123', 'diego.martinez@gmail.com'),
(78, 99, '8123456788', 'Sofía', 'González Pérez', 'Avenida 780 # 781-782', 'Cali', '3688901234', 'sofia.gonzalez@gmail.com'),
(79, 16, '9123456789', 'Mateo', 'Hernández Ramírez', 'Carrera 790 # 791-792', 'Barranquilla', '3699012345', 'mateo.hernandez@gmail.com'),
(80, 55, '0123456780', 'Valentina', 'Martínez López', 'Calle 800 # 801-802', 'Cartagena', '3700123456', 'valentina.martinez@gmail.com'),
(81, 43, '1123456781', 'Lucas', 'Pérez Rodríguez', 'Avenida 810 # 811-812', 'Bogotá', '3711234567', 'lucas.perez@gmail.com'),
(82, 77, '2123456782', 'Isabela', 'González Gómez', 'Carrera 820 # 821-822', 'Medellín', '3722345678', 'isabela.gonzalez@gmail.com'),
(83, 28, '3123456783', 'Martín', 'Hernández Pérez', 'Calle 830 # 831-832', 'Cali', '3733456789', 'martin.hernandez@gmail.com'),
(84, 67, '4123456784', 'Emma', 'Martínez Ramírez', 'Avenida 840 # 841-842', 'Barranquilla', '3744567890', 'emma.martinez@gmail.com'),
(85, 39, '5123456785', 'Daniel', 'Pérez López', 'Carrera 850 # 851-852', 'Cartagena', '3755678901', 'daniel.perez@gmail.com'),
(86, 81, '6123456786', 'María José', 'González Rodríguez', 'Calle 860 # 861-862', 'Bogotá', '3766789012', 'mariajose.gonzalez@gmail.com'),
(87, 54, '7123456787', 'Sebastián', 'Hernández Martínez', 'Avenida 870 # 871-872', 'Medellín', '3777890123', 'sebastian.hernandez@gmail.com'),
(88, 17, '8123456788', 'Laura Sofía', 'Martínez Pérez', 'Carrera 880 # 881-882', 'Cali', '3788901234', 'laurasofia.martinez@gmail.com'),
(89, 72, '9123456789', 'Juan Pablo', 'Pérez Gómez', 'Calle 890 # 891-892', 'Barranquilla', '3799012345', 'juanpablo.perez@gmail.com'),
(90, 29, '0123456780', 'Valeria', 'González Hernández', 'Avenida 900 # 901-902', 'Cartagena', '3800123456', 'valeria.gonzalez@gmail.com'),
(91, 61, '1123456781', 'Lucas', 'Hernández López', 'Carrera 910 # 911-912', 'Bogotá', '3811234567', 'lucas.hernandez@gmail.com'),
(92, 80, '2123456782', 'Camila', 'Martínez Rodríguez', 'Calle 920 # 921-922', 'Medellín', '3822345678', 'camila.martinez@gmail.com'),
(93, 48, '3123456783', 'Juan', 'Pérez Ramírez', 'Avenida 930 # 931-932', 'Cali', '3833456789', 'juan.perez@gmail.com'),
(94, 86, '4123456784', 'Andrés', 'González López', 'Carrera 940 # 941-942', 'Barranquilla', '3844567890', 'andres.gonzalez@gmail.com'),
(95, 52, '5123456785', 'María', 'Hernández Rodríguez', 'Calle 950 # 951-952', 'Cartagena', '3855678901', 'maria.hernandez@gmail.com'),
(96, 39, '6123456786', 'Diego', 'Martínez Gómez', 'Avenida 960 # 961-962', 'Bogotá', '3866789012', 'diego.martinez@gmail.com'),
(97, 63, '7123456787', 'Sofía', 'González Pérez', 'Carrera 970 # 971-972', 'Medellín', '3877890123', 'sofia.gonzalez@gmail.com'),
(98, 94, '8123456788', 'Mateo', 'Hernández Ramírez', 'Calle 980 # 981-982', 'Cali', '3888901234', 'mateo.hernandez@gmail.com'),
(99, 73, '9123456789', 'Valentina', 'Martínez López', 'Avenida 990 # 991-992', 'Barranquilla', '3899012345', 'valentina.martinez@gmail.com'),
(100, 5, '0123456780', 'Lucas', 'Pérez Rodríguez', 'Carrera 1000 # 1001-1002', 'Cartagena', '3900123456', 'lucas.perez@gmail.com');

-- Inserciones para sucursal:
INSERT INTO sucursal (ciudad, direccion, telefono, celular, email) VALUES
('Bogotá', 'Carrera 10 # 20-30', '0311234567', '3219876543', 'autorental.bogota1@example.com'),
('Medellín', 'Calle 50 # 25-15', '0342345678', '3108765432', 'autorental.medellin1@example.com'),
('Cali', 'Avenida 3N # 15-45', '0323456789', '3157654321', 'autorental.cali1@example.com'),
('Bogotá', 'Avenida Suba # 95-10', '0314567890', '3006543210', 'autorental.bogota2@example.com'),
('Barranquilla', 'Carrera 45 # 80-90', '0355678901', '3175432109', 'autorental.barranquilla1@example.com'),
('Medellín', 'Calle 70 # 40-30', '0346789012', '3134321098', 'autorental.medellin2@example.com'),
('Bucaramanga', 'Carrera 20 # 15-25', '0377890123', '3183210987', 'autorental.bucaramanga1@example.com'),
('Bogotá', 'Carrera 15 # 45-67', '0318901234', '3042109876', 'autorental.bogota3@example.com'),
('Cartagena', 'Avenida San Martín # 30-50', '0359012345', '3191098765', 'autorental.cartagena1@example.com'),
('Pereira', 'Calle 25 # 10-15', '0360123456', '3009876543', 'autorental.pereira1@example.com'),
('Bogotá', 'Carrera 7 # 50-60', '0311234509', '3018765432', 'autorental.bogota4@example.com'),
('Cúcuta', 'Avenida Libertadores # 5-10', '0372345098', '3027654321', 'autorental.cucuta1@example.com'),
('Medellín', 'Carrera 80 # 90-100', '0343456787', '3046543210', 'autorental.medellin3@example.com'),
('Manizales', 'Calle 60 # 25-35', '0384567876', '3055432109', 'autorental.manizales1@example.com'),
('Bogotá', 'Avenida Boyacá # 80-90', '0315678965', '3064321098', 'autorental.bogota5@example.com'),
('Santa Marta', 'Carrera 40 # 45-55', '0356789654', '3073210987', 'autorental.santamarta1@example.com'),
('Cali', 'Calle 5 # 10-20', '0327896543', '3082109876', 'autorental.cali2@example.com'),
('Bogotá', 'Carrera 85 # 30-40', '0318901234', '3091098765', 'autorental.bogota6@example.com'),
('Medellín', 'Calle 70 # 80-90', '0349012345', '3109876543', 'autorental.medellin4@example.com'),
('Cúcuta', 'Avenida Libertadores # 10-20', '0370123456', '3118765432', 'autorental.cucuta2@example.com'),
('Bogotá', 'Carrera 50 # 15-25', '0311234567', '3127654321', 'autorental.bogota7@example.com'),
('Barranquilla', 'Calle 80 # 40-50', '0352345678', '3136543210', 'autorental.barranquilla2@example.com'),
('Medellín', 'Avenida Las Palmas # 70-80', '0343456789', '3145432109', 'autorental.medellin5@example.com'),
('Bucaramanga', 'Carrera 15 # 5-15', '0374567890', '3154321098', 'autorental.bucaramanga2@example.com'),
('Bogotá', 'Avenida 68 # 95-105', '0315678901', '3163210987', 'autorental.bogota8@example.com'),
('Cartagena', 'Carrera 70 # 30-40', '0356789012', '3172109876', 'autorental.cartagena2@example.com'),
('Pereira', 'Calle 10 # 15-25', '0367890123', '3181098765', 'autorental.pereira2@example.com'),
('Bogotá', 'Carrera 5 # 50-60', '0318901234', '3199876543', 'autorental.bogota9@example.com'),
('Cali', 'Avenida 6N # 20-30', '0320123456', '3008765432', 'autorental.cali3@example.com'),
('Bogotá', 'Carrera 30 # 40-50', '0311234509', '3017654321', 'autorental.bogota10@example.com'),
('Medellín', 'Calle 80 # 90-100', '0342345098', '3026543210', 'autorental.medellin6@example.com'),
('Bucaramanga', 'Avenida 20 # 10-20', '0373456787', '3035432109', 'autorental.bucaramanga3@example.com'),
('Bogotá', 'Carrera 18 # 15-25', '0314567876', '3044321098', 'autorental.bogota11@example.com'),
('Santa Marta', 'Calle 45 # 50-60', '0355678965', '3053210987', 'autorental.santamarta2@example.com'),
('Cali', 'Carrera 3 # 5-15', '0326789654', '3062109876', 'autorental.cali4@example.com'),
('Bogotá', 'Carrera 80 # 30-40', '0318901234', '3071098765', 'autorental.bogota12@example.com'),
('Medellín', 'Avenida Bolivariana # 80-90', '0349012345', '3089876543', 'autorental.medellin7@example.com'),
('Cúcuta', 'Carrera 7 # 10-20', '0370123456', '3098765432', 'autorental.cucuta3@example.com'),
('Bogotá', 'Avenida 68 # 85-95', '0311234567', '3107654321', 'autorental.bogota13@example.com'),
('Barranquilla', 'Carrera 50 # 40-50', '0352345678', '3116543210', 'autorental.barranquilla3@example.com'),
('Medellín', 'Calle 70 # 60-70', '0343456789', '3125432109', 'autorental.medellin8@example.com'),
('Bucaramanga', 'Avenida 25 # 30-40', '0374567890', '3134321098', 'autorental.bucaramanga4@example.com'),
('Bogotá', 'Carrera 15 # 20-30', '0315678901', '3143210987', 'autorental.bogota14@example.com'),
('Cartagena', 'Carrera 80 # 15-25', '0356789012', '3152109876', 'autorental.cartagena3@example.com'),
('Pereira', 'Calle 30 # 40-50', '0367890123', '3161098765', 'autorental.pereira3@example.com'),
('Bogotá', 'Avenida 19 # 50-60', '0318901234', '3179876543', 'autorental.bogota15@example.com'),
('Cali', 'Carrera 7 # 5-15', '0320123456', '3188765432', 'autorental.cali5@example.com'),
('Bogotá', 'Carrera 25 # 30-40', '0311234509', '3197654321', 'autorental.bogota16@example.com'),
('Medellín', 'Avenida Las Vegas # 80-90', '0342345098', '3206543210', 'autorental.medellin9@example.com'),
('Bucaramanga', 'Carrera 10 # 10-20', '0373456787', '3215432109', 'autorental.bucaramanga5@example.com'),
('Bogotá', 'Calle 80 # 15-25', '0314567876', '3224321098', 'autorental.bogota17@example.com'),
('Santa Marta', 'Carrera 45 # 50-60', '0355678965', '3233210987', 'autorental.santamarta3@example.com'),
('Cali', 'Avenida 2N # 30-40', '0326789654', '3242109876', 'autorental.cali6@example.com'),
('Bogotá', 'Carrera 70 # 30-40', '0318901234', '3251098765', 'autorental.bogota18@example.com'),
('Medellín', 'Calle 10 # 50-60', '0349012345', '3269876543', 'autorental.medellin10@example.com'),
('Cúcuta', 'Carrera 5 # 20-30', '0370123456', '3278765432', 'autorental.cucuta4@example.com'),
('Bogotá', 'Avenida 68 # 70-80', '0311234567', '3287654321', 'autorental.bogota19@example.com'),
('Barranquilla', 'Carrera 80 # 40-50', '0352345678', '3296543210', 'autorental.barranquilla4@example.com'),
('Medellín', 'Calle 70 # 10-20', '0343456789', '3305432109', 'autorental.medellin11@example.com'),
('Bucaramanga', 'Avenida 20 # 30-40', '0374567890', '3314321098', 'autorental.bucaramanga6@example.com'),
('Bogotá', 'Carrera 15 # 50-60', '0315678901', '3323210987', 'autorental.bogota20@example.com'),
('Cartagena', 'Carrera 70 # 15-25', '0356789012', '3332109876', 'autorental.cartagena4@example.com'),
('Pereira', 'Calle 40 # 40-50', '0367890123', '3341098765', 'autorental.pereira4@example.com'),
('Bogotá', 'Avenida 19 # 40-50', '0318901234', '3359876543', 'autorental.bogota21@example.com'),
('Cali', 'Carrera 6 # 5-15', '0320123456', '3368765432', 'autorental.cali7@example.com'),
('Bogotá', 'Carrera 25 # 40-50', '0311234509', '3377654321', 'autorental.bogota22@example.com'),
('Medellín', 'Avenida Bolivariana # 50-60', '0342345098', '3386543210', 'autorental.medellin12@example.com'),
('Bucaramanga', 'Carrera 10 # 20-30', '0373456787', '3395432109', 'autorental.bucaramanga7@example.com'),
('Bogotá', 'Calle 80 # 25-35', '0314567876', '3404321098', 'autorental.bogota23@example.com'),
('Santa Marta', 'Carrera 45 # 60-70', '0355678965', '3413210987', 'autorental.santamarta4@example.com'),
('Cali', 'Avenida 2N # 20-30', '0326789654', '3422109876', 'autorental.cali8@example.com'),
('Bogotá', 'Carrera 70 # 20-30', '0318901234', '3431098765', 'autorental.bogota24@example.com'),
('Medellín', 'Calle 10 # 60-70', '0349012345', '3449876543', 'autorental.medellin13@example.com'),
('Cúcuta', 'Carrera 5 # 30-40', '0370123456', '3458765432', 'autorental.cucuta5@example.com'),
('Bogotá', 'Avenida 68 # 60-70', '0311234567', '3467654321', 'autorental.bogota25@example.com'),
('Barranquilla', 'Carrera 80 # 30-40', '0352345678', '3476543210', 'autorental.barranquilla5@example.com'),
('Medellín', 'Calle 70 # 20-30', '0343456789', '3485432109', 'autorental.medellin14@example.com'),
('Bucaramanga', 'Avenida 20 # 40-50', '0374567890', '3494321098', 'autorental.bucaramanga8@example.com'),
('Bogotá', 'Carrera 15 # 60-70', '0315678901', '3503210987', 'autorental.bogota26@example.com'),
('Cartagena', 'Carrera 70 # 25-35', '0356789012', '3512109876', 'autorental.cartagena5@example.com'),
('Pereira', 'Calle 40 # 50-60', '0367890123', '3521098765', 'autorental.pereira5@example.com'),
('Bogotá', 'Avenida 19 # 30-40', '0318901234', '3539876543', 'autorental.bogota27@example.com'),
('Cali', 'Carrera 6 # 15-25', '0320123456', '3548765432', 'autorental.cali9@example.com'),
('Bogotá', 'Carrera 25 # 50-60', '0311234509', '3557654321', 'autorental.bogota28@example.com'),
('Medellín', 'Avenida Bolivariana # 40-50', '0342345098', '3566543210', 'autorental.medellin15@example.com'),
('Bucaramanga', 'Carrera 10 # 30-40', '0373456787', '3575432109', 'autorental.bucaramanga9@example.com'),
('Bogotá', 'Calle 80 # 35-45', '0314567876', '3584321098', 'autorental.bogota29@example.com'),
('Santa Marta', 'Carrera 45 # 70-80', '0355678965', '3593210987', 'autorental.santamarta5@example.com'),
('Cali', 'Avenida 2N # 10-20', '0326789654', '3602109876', 'autorental.cali10@example.com'),
('Bogotá', 'Carrera 70 # 40-50', '0318901234', '3611098765', 'autorental.bogota30@example.com'),
('Medellín', 'Calle 10 # 70-80', '0349012345', '3629876543', 'autorental.medellin16@example.com'),
('Cúcuta', 'Carrera 5 # 40-50', '0370123456', '3638765432', 'autorental.cucuta6@example.com'),
('Bogotá', 'Avenida 68 # 50-60', '0311234567', '3647654321', 'autorental.bogota31@example.com'),
('Barranquilla', 'Carrera 80 # 20-30', '0352345678', '3656543210', 'autorental.barranquilla6@example.com'),
('Medellín', 'Calle 70 # 30-40', '0343456789', '3665432109', 'autorental.medellin17@example.com'),
('Bucaramanga', 'Avenida 20 # 50-60', '0374567890', '3674321098', 'autorental.bucaramanga10@example.com'),
('Bogotá', 'Carrera 15 # 70-80', '0315678901', '3683210987', 'autorental.bogota32@example.com'),
('Cartagena', 'Carrera 70 # 35-45', '0356789012', '3692109876', 'autorental.cartagena6@example.com'),
('Pereira', 'Calle 40 # 60-70', '0367890123', '3701098765', 'autorental.pereira6@example.com'),
('Bogotá', 'Avenida 19 # 20-30', '0318901234', '3719876543', 'autorental.bogota33@example.com');

-- Inserciones para vehiculo
INSERT INTO vehiculo (tipo, placa, referencia, modelo, puertas, capacidad, sunroof, motor, color) VALUES
('Sedán', 'ABC123', 'Toyota Corolla', 2020, 4, '5 personas', 'No tiene', 'Motor 1.6', 'Azul'),
('Compacto', 'DEF456', 'Honda Civic', 2021, 4, '5 personas', 'Tiene', 'Motor 1.5', 'Rojo'),
('Camioneta Platón', 'GHI789', 'Mitsubishi L200', 2019, 2, '3 personas', 'No tiene', 'Motor 2.5', 'Blanco'),
('Camioneta lujo', 'JKL012', 'Audi Q7', 2022, 5, '7 personas', 'Tiene', 'Motor 3.0', 'Negro'),
('Deportivo', 'MNO345', 'BMW M3', 2020, 2, '2 personas', 'No tiene', 'Motor 3.2', 'Gris'),
('Sedán', 'PQR678', 'Toyota Corolla', 2021, 4, '5 personas', 'Tiene', 'Motor 1.6', 'Blanco'),
('Compacto', 'STU901', 'Honda Fit', 2018, 5, '5 personas', 'No tiene', 'Motor 1.3', 'Azul'),
('Camioneta Platón', 'VWX234', 'Mitsubishi L200', 2020, 2, '3 personas', 'No tiene', 'Motor 2.5', 'Rojo'),
('Camioneta lujo', 'YZA567', 'Audi Q5', 2022, 5, '5 personas', 'Tiene', 'Motor 2.0', 'Blanco'),
('Deportivo', 'BCD890', 'Porsche 911', 2019, 2, '2 personas', 'Tiene', 'Motor 3.8', 'Rojo'),
('Sedán', 'EFG123', 'Nissan Sentra', 2020, 4, '5 personas', 'No tiene', 'Motor 1.8', 'Negro'),
('Compacto', 'HIJ456', 'Ford Fiesta', 2017, 5, '5 personas', 'No tiene', 'Motor 1.0', 'Azul'),
('Camioneta Platón', 'KLM789', 'Toyota Hilux', 2019, 2, '3 personas', 'No tiene', 'Motor 2.4', 'Blanco'),
('Camioneta lujo', 'NOP012', 'Mercedes-Benz GLE', 2021, 5, '7 personas', 'Tiene', 'Motor 3.5', 'Negro'),
('Deportivo', 'QRS345', 'Chevrolet Camaro', 2020, 2, '2 personas', 'Tiene', 'Motor 6.2', 'Rojo'),
('Sedán', 'TUV678', 'Hyundai Elantra', 2021, 4, '5 personas', 'Tiene', 'Motor 2.0', 'Gris'),
('Compacto', 'WXY901', 'Volkswagen Golf', 2018, 5, '5 personas', 'No tiene', 'Motor 1.4', 'Verde'),
('Camioneta Platón', 'ZAB234', 'Isuzu D-Max', 2020, 2, '3 personas', 'No tiene', 'Motor 2.5', 'Blanco'),
('Camioneta lujo', 'CDE567', 'BMW X5', 2022, 5, '5 personas', 'Tiene', 'Motor 3.0', 'Negro'),
('Deportivo', 'FGH890', 'Audi R8', 2019, 2, '2 personas', 'Tiene', 'Motor 5.2', 'Rojo'),
('Sedán', 'IJK123', 'Honda Accord', 2020, 4, '5 personas', 'No tiene', 'Motor 2.0', 'Azul'),
('Compacto', 'LMN456', 'Toyota Yaris', 2017, 5, '5 personas', 'No tiene', 'Motor 1.5', 'Blanco'),
('Camioneta Platón', 'OPQ789', 'Ford Ranger', 2019, 2, '3 personas', 'No tiene', 'Motor 2.2', 'Gris'),
('Camioneta lujo', 'RST012', 'Lexus RX', 2021, 5, '5 personas', 'Tiene', 'Motor 3.5', 'Negro'),
('Deportivo', 'UVW345', 'Chevrolet Corvette', 2020, 2, '2 personas', 'Tiene', 'Motor 6.2', 'Rojo'),
('Sedán', 'XYZ678', 'Kia Optima', 2021, 4, '5 personas', 'Tiene', 'Motor 2.0', 'Azul'),
('Compacto', 'ABC901', 'Mazda 3', 2018, 5, '5 personas', 'No tiene', 'Motor 1.6', 'Blanco'),
('Camioneta Platón', 'DEF234', 'Nissan Frontier', 2020, 2, '3 personas', 'No tiene', 'Motor 2.3', 'Rojo'),
('Camioneta lujo', 'GHI567', 'Range Rover Sport', 2022, 5, '7 personas', 'Tiene', 'Motor 3.0', 'Negro'),
('Deportivo', 'JKL890', 'Ford Mustang', 2019, 2, '2 personas', 'Tiene', 'Motor 5.0', 'Rojo'),
('Sedán', 'MNO123', 'Hyundai Sonata', 2020, 4, '5 personas', 'No tiene', 'Motor 2.4', 'Gris'),
('Compacto', 'PQR456', 'Volkswagen Polo', 2017, 5, '5 personas', 'No tiene', 'Motor 1.0', 'Azul'),
('Camioneta Platón', 'STU789', 'Chevrolet Luv D-Max', 2019, 2, '3 personas', 'No tiene', 'Motor 2.5', 'Blanco'),
('Camioneta lujo', 'VWX012', 'BMW X7', 2021, 5, '5 personas', 'Tiene', 'Motor 4.4', 'Negro'),
('Deportivo', 'YZA345', 'Porsche 718 Cayman', 2020, 2, '2 personas', 'Tiene', 'Motor 2.0', 'Rojo'),
('Sedán', 'BCD678', 'Toyota Camry', 2021, 4, '5 personas', 'Tiene', 'Motor 2.5', 'Azul'),
('Compacto', 'EFG901', 'Ford Fiesta', 2018, 5, '5 personas', 'No tiene', 'Motor 1.0', 'Blanco'),
('Camioneta Platón', 'HIJ234', 'Isuzu D-Max', 2020, 2, '3 personas', 'No tiene', 'Motor 2.5', 'Rojo'),
('Camioneta lujo', 'KLM567', 'Audi Q8', 2022, 5, '5 personas', 'Tiene', 'Motor 3.0', 'Negro'),
('Deportivo', 'NOP890', 'Chevrolet Camaro', 2020, 2, '2 personas', 'Tiene', 'Motor 6.2', 'Rojo'),
('Sedán', 'QRS123', 'Honda Civic', 2021, 4, '5 personas', 'No tiene', 'Motor 1.5', 'Azul'),
('Compacto', 'TUV456', 'Toyota Yaris', 2017, 5, '5 personas', 'No tiene', 'Motor 1.3', 'Blanco'),
('Camioneta Platón', 'WXY789', 'Ford Ranger', 2019, 2, '3 personas', 'No tiene', 'Motor 2.2', 'Gris'),
('Camioneta lujo', 'ZAB012', 'Mercedes-Benz GLE', 2021, 5, '7 personas', 'Tiene', 'Motor 3.5', 'Negro'),
('Deportivo', 'CDE345', 'Nissan GT-R', 2020, 2, '2 personas', 'Tiene', 'Motor 3.8', 'Rojo'),
('Sedán', 'FGH678', 'Hyundai Elantra', 2021, 4, '5 personas', 'Tiene', 'Motor 2.0', 'Gris'),
('Compacto', 'IJK901', 'Volkswagen Golf', 2018, 5, '5 personas', 'No tiene', 'Motor 1.4', 'Verde'),
('Camioneta Platón', 'LMN234', 'Toyota Hilux', 2020, 2, '3 personas', 'No tiene', 'Motor 2.4', 'Blanco'),
('Camioneta lujo', 'OPQ567', 'BMW X5', 2022, 5, '5 personas', 'Tiene', 'Motor 3.0', 'Negro'),
('Deportivo', 'RST890', 'Audi R8', 2019, 2, '2 personas', 'Tiene', 'Motor 5.2', 'Rojo'),
('Sedán', 'UVW123', 'Kia Optima', 2021, 4, '5 personas', 'Tiene', 'Motor 2.0', 'Azul'),
('Compacto', 'XYZ456', 'Mazda 3', 2018, 5, '5 personas', 'No tiene', 'Motor 1.6', 'Blanco'),
('Camioneta Platón', 'ABC789', 'Nissan Frontier', 2020, 2, '3 personas', 'No tiene', 'Motor 2.3', 'Rojo'),
('Camioneta lujo', 'DEF012', 'Range Rover Sport', 2022, 5, '7 personas', 'Tiene', 'Motor 3.0', 'Negro'),
('Deportivo', 'GHI345', 'Ford Mustang', 2019, 2, '2 personas', 'Tiene', 'Motor 5.0', 'Rojo'),
('Sedán', 'JKL678', 'Honda Accord', 2020, 4, '5 personas', 'No tiene', 'Motor 2.0', 'Azul'),
('Compacto', 'MNO901', 'Toyota Yaris', 2017, 5, '5 personas', 'No tiene', 'Motor 1.5', 'Blanco'),
('Camioneta Platón', 'PQR234', 'Ford Ranger', 2019, 2, '3 personas', 'No tiene', 'Motor 2.2', 'Gris'),
('Camioneta lujo', 'STU567', 'Lexus RX', 2021, 5, '5 personas', 'Tiene', 'Motor 3.5', 'Negro'),
('Deportivo', 'VWX890', 'Chevrolet Corvette', 2020, 2, '2 personas', 'Tiene', 'Motor 6.2', 'Rojo'),
('Sedán', 'YZA123', 'Toyota Camry', 2021, 4, '5 personas', 'Tiene', 'Motor 2.5', 'Azul'),
('Compacto', 'BCD456', 'Ford Fiesta', 2018, 5, '5 personas', 'No tiene', 'Motor 1.0', 'Blanco'),
('Camioneta Platón', 'EFG789', 'Isuzu D-Max', 2020, 2, '3 personas', 'No tiene', 'Motor 2.5', 'Rojo'),
('Camioneta lujo', 'HIJ012', 'Audi Q8', 2022, 5, '5 personas', 'Tiene', 'Motor 4.4', 'Negro'),
('Deportivo', 'KLM345', 'Porsche 718 Cayman', 2020, 2, '2 personas', 'Tiene', 'Motor 2.0', 'Rojo'),
('Sedán', 'NOP678', 'Honda Civic', 2021, 4, '5 personas', 'No tiene', 'Motor 1.5', 'Azul'),
('Compacto', 'QRS901', 'Toyota Yaris', 2017, 5, '5 personas', 'No tiene', 'Motor 1.3', 'Blanco'),
('Camioneta Platón', 'TUV234', 'Ford Ranger', 2019, 2, '3 personas', 'No tiene', 'Motor 2.2', 'Gris'),
('Camioneta lujo', 'WXY567', 'Mercedes-Benz GLE', 2021, 5, '7 personas', 'Tiene', 'Motor 3.5', 'Negro'),
('Deportivo', 'ZAB890', 'Nissan GT-R', 2020, 2, '2 personas', 'Tiene', 'Motor 3.8', 'Rojo'),
('Sedán', 'CDE123', 'Hyundai Elantra', 2021, 4, '5 personas', 'Tiene', 'Motor 2.0', 'Gris'),
('Compacto', 'FGH456', 'Volkswagen Golf', 2018, 5, '5 personas', 'No tiene', 'Motor 1.4', 'Verde'),
('Camioneta Platón', 'IJK789', 'Toyota Hilux', 2020, 2, '3 personas', 'No tiene', 'Motor 2.4', 'Blanco'),
('Camioneta lujo', 'LMN012', 'BMW X5', 2022, 5, '5 personas', 'Tiene', 'Motor 3.0', 'Negro'),
('Deportivo', 'OPQ345', 'Audi R8', 2019, 2, '2 personas', 'Tiene', 'Motor 5.2', 'Rojo'),
('Sedán', 'RST678', 'Kia Optima', 2021, 4, '5 personas', 'Tiene', 'Motor 2.0', 'Azul'),
('Compacto', 'UVW901', 'Mazda 3', 2018, 5, '5 personas', 'No tiene', 'Motor 1.6', 'Blanco'),
('Camioneta Platón', 'XYZ234', 'Nissan Frontier', 2020, 2, '3 personas', 'No tiene', 'Motor 2.3', 'Rojo'),
('Camioneta lujo', 'ABC567', 'Range Rover Sport', 2022, 5, '7 personas', 'Tiene', 'Motor 3.0', 'Negro'),
('Deportivo', 'DEF890', 'Ford Mustang', 2019, 2, '2 personas', 'Tiene', 'Motor 5.0', 'Rojo'),
('Sedán', 'GHI123', 'Toyota Camry', 2021, 4, '5 personas', 'Tiene', 'Motor 2.5', 'Blanco'),
('Compacto', 'JKL456', 'Honda Fit', 2018, 5, '5 personas', 'No tiene', 'Motor 1.3', 'Azul'),
('Camioneta Platón', 'MNO789', 'Mitsubishi L200', 2020, 2, '3 personas', 'No tiene', 'Motor 2.5', 'Rojo'),
('Camioneta lujo', 'PQR012', 'Audi Q7', 2022, 5, '7 personas', 'Tiene', 'Motor 3.0', 'Negro'),
('Deportivo', 'STU345', 'BMW M3', 2020, 2, '2 personas', 'No tiene', 'Motor 3.2', 'Gris'),
('Sedán', 'VWX678', 'Toyota Corolla', 2021, 4, '5 personas', 'Tiene', 'Motor 1.8', 'Negro'),
('Compacto', 'YZA901', 'Honda Civic', 2017, 5, '5 personas', 'No tiene', 'Motor 1.5', 'Blanco'),
('Camioneta Platón', 'BCD234', 'Toyota Hilux', 2019, 2, '3 personas', 'No tiene', 'Motor 2.4', 'Blanco'),
('Camioneta lujo', 'EFG567', 'Mercedes-Benz GLE', 2021, 5, '7 personas', 'Tiene', 'Motor 3.5', 'Negro'),
('Deportivo', 'HIJ890', 'Chevrolet Camaro', 2020, 2, '2 personas', 'Tiene', 'Motor 6.2', 'Rojo'),
('Sedán', 'KLM123', 'Hyundai Elantra', 2021, 4, '5 personas', 'Tiene', 'Motor 2.0', 'Gris'),
('Compacto', 'NOP456', 'Volkswagen Golf', 2018, 5, '5 personas', 'No tiene', 'Motor 1.4', 'Verde'),
('Camioneta Platón', 'QRS789', 'Isuzu D-Max', 2020, 2, '3 personas', 'No tiene', 'Motor 2.5', 'Blanco'),
('Camioneta lujo', 'TUV012', 'BMW X7', 2022, 5, '5 personas', 'Tiene', 'Motor 4.4', 'Negro'),
('Deportivo', 'WXY345', 'Porsche 718 Cayman', 2020, 2, '2 personas', 'Tiene', 'Motor 2.0', 'Rojo'),
('Sedán', 'ZAB678', 'Toyota Camry', 2021, 4, '5 personas', 'Tiene', 'Motor 2.5', 'Azul'),
('Compacto', 'CDE901', 'Ford Fiesta', 2018, 5, '5 personas', 'No tiene', 'Motor 1.0', 'Blanco'),
('Camioneta Platón', 'FGH234', 'Nissan Frontier', 2020, 2, '3 personas', 'No tiene', 'Motor 2.3', 'Rojo'),
('Camioneta lujo', 'IJK567', 'Range Rover Sport', 2022, 5, '7 personas', 'Tiene', 'Motor 3.0', 'Negro'),
('Deportivo', 'LMN890', 'Ford Mustang', 2019, 2, '2 personas', 'Tiene', 'Motor 5.0', 'Rojo');

-- Inserciones para cliente
INSERT INTO cliente (cedula, nombres, apellidos, direccion, ciudad, celular, email) VALUES
('1234567890', 'Juan Carlos', 'González Pérez', 'Calle 10 # 20-30', 'Bogotá', '3123456789', 'juancarlos.gonzalez@gmail.com'),
('2345678901', 'María Fernanda', 'Martínez López', 'Carrera 15 # 30-40', 'Medellín', '3209876543', 'mariafernanda.martinez@gmail.com'),
('3456789012', 'Luis Alberto', 'Rodríguez Ramírez', 'Avenida 5 # 10-20', 'Cali', '3112345678', 'luisalberto.rodriguez@gmail.com'),
('4567890123', 'Ana María', 'Gómez García', 'Calle 80 # 40-50', 'Barranquilla', '3145678901', 'anamaria.gomez@gmail.com'),
('5678901234', 'Jorge', 'Hernández Martínez', 'Carrera 20 # 50-60', 'Cartagena', '3101234567', 'jorge.hernandez@gmail.com'),
('6789012345', 'Laura', 'Pérez Rodríguez', 'Avenida 10 # 30-40', 'Bucaramanga', '3178901234', 'laura.perez@gmail.com'),
('7890123456', 'Carlos', 'Sánchez Gómez', 'Carrera 30 # 20-30', 'Santa Marta', '3182345678', 'carlos.sanchez@gmail.com'),
('8901234567', 'Diana Paola', 'Jiménez Pérez', 'Calle 50 # 40-50', 'Pereira', '3196789012', 'dianapaola.jimenez@gmail.com'),
('9012345678', 'Andrés Felipe', 'González Ramírez', 'Avenida 15 # 10-20', 'Cúcuta', '3153456789', 'andresfelipe.gonzalez@gmail.com'),
('0123456789', 'Valentina', 'Ramírez Gómez', 'Carrera 25 # 30-40', 'Bogotá', '3134567890', 'valentina.ramirez@gmail.com'),
('1234598765', 'Santiago', 'López Hernández', 'Calle 70 # 20-30', 'Medellín', '3209876543', 'santiago.lopez@gmail.com'),
('2345698765', 'Camila', 'Martínez Ramírez', 'Avenida 8 # 50-60', 'Cali', '3112345678', 'camila.martinez@gmail.com'),
('3456798765', 'Mateo', 'García López', 'Carrera 12 # 40-50', 'Barranquilla', '3145678901', 'mateo.garcia@gmail.com'),
('4567890765', 'Isabela', 'Hernández Gómez', 'Calle 45 # 30-40', 'Cartagena', '3101234567', 'isabela.hernandez@gmail.com'),
('5678901765', 'Daniel', 'Gómez Ramírez', 'Avenida 6 # 10-20', 'Bucaramanga', '3178901234', 'daniel.gomez@gmail.com'),
('6789012765', 'Valeria', 'Martínez Gómez', 'Carrera 35 # 20-30', 'Santa Marta', '3182345678', 'valeria.martinez@gmail.com'),
('7890123765', 'Sebastián', 'Hernández López', 'Calle 80 # 40-50', 'Pereira', '3196789012', 'sebastian.hernandez@gmail.com'),
('8901234765', 'Luciana', 'Pérez Ramírez', 'Avenida 25 # 30-40', 'Cúcuta', '3153456789', 'luciana.perez@gmail.com'),
('9012345765', 'Alejandro', 'González Gómez', 'Carrera 10 # 20-30', 'Bogotá', '3134567890', 'alejandro.gonzalez@gmail.com'),
('0123456781', 'Gabriela', 'López Martínez', 'Calle 60 # 50-60', 'Medellín', '3209876543', 'gabriela.lopez@gmail.com'),
('1234567892', 'Mateo', 'Martínez López', 'Avenida 7 # 40-50', 'Cali', '3112345678', 'mateo.martinez@gmail.com'),
('2345678903', 'Camila', 'Ramírez Gómez', 'Carrera 30 # 10-20', 'Barranquilla', '3145678901', 'camila.ramirez@gmail.com'),
('3456789014', 'Sofía', 'Gómez Hernández', 'Calle 40 # 30-40', 'Cartagena', '3101234567', 'sofia.gomez@gmail.com'),
('4567890125', 'Lucas', 'Hernández Martínez', 'Avenida 10 # 20-30', 'Bucaramanga', '3178901234', 'lucas.hernandez@gmail.com'),
('5678901236', 'Valentina', 'López Ramírez', 'Carrera 5 # 50-60', 'Santa Marta', '3182345678', 'valentina.lopez@gmail.com'),
('6789012347', 'Juan José', 'Gómez Pérez', 'Calle 70 # 40-50', 'Pereira', '3196789012', 'juanjose.gomez@gmail.com'),
('7890123458', 'Isabella', 'Ramírez Gómez', 'Avenida 20 # 30-40', 'Cúcuta', '3153456789', 'isabella.ramirez@gmail.com'),
('8901234569', 'Matías', 'Hernández López', 'Carrera 18 # 40-50', 'Bogotá', '3134567890', 'matias.hernandez@gmail.com'),
('9012345670', 'Emilia', 'Gómez Ramírez', 'Calle 50 # 60-70', 'Medellín', '3209876543', 'emilia.gomez@gmail.com'),
('0123456781', 'Mariana', 'López Gómez', 'Avenida 9 # 20-30', 'Cali', '3112345678', 'mariana.lopez@gmail.com'),
('1234567892', 'Daniel', 'Martínez Ramírez', 'Carrera 25 # 30-40', 'Barranquilla', '3145678901', 'daniel.martinez@gmail.com'),
('2345678903', 'Valeria', 'Ramírez López', 'Calle 60 # 40-50', 'Cartagena', '3101234567', 'valeria.ramirez@gmail.com'),
('3456789014', 'Juan Sebastián', 'Gómez Hernández', 'Avenida 5 # 30-40', 'Bucaramanga', '3178901234', 'juansebastian.gomez@gmail.com'),
('4567890125', 'Renata', 'Hernández Martínez', 'Carrera 30 # 10-20', 'Santa Marta', '3182345678', 'renata.hernandez@gmail.com'),
('5678901236', 'Diego Alejandro', 'López Ramírez', 'Calle 70 # 40-50', 'Pereira', '3196789012', 'diegoalejandro.lopez@gmail.com'),
('6789012347', 'Valentina', 'Gómez Pérez', 'Avenida 20 # 30-40', 'Cúcuta', '3153456789', 'valentina.gomez@gmail.com'),
('7890123458', 'Santiago', 'Ramírez Gómez', 'Carrera 18 # 40-50', 'Bogotá', '3134567890', 'santiago.ramirez@gmail.com'),
('8901234569', 'Mía', 'Hernández López', 'Calle 50 # 60-70', 'Medellín', '3209876543', 'mia.hernandez@gmail.com'),
('9012345670', 'Emiliano', 'Gómez Ramírez', 'Avenida 9 # 20-30', 'Cali', '3112345678', 'emiliano.gomez@gmail.com'),
('0123456781', 'Abril', 'López Gómez', 'Carrera 25 # 30-40', 'Barranquilla', '3145678901', 'abril.lopez@gmail.com'),
('1234567892', 'Tomás', 'Martínez Ramírez', 'Calle 60 # 40-50', 'Cartagena', '3101234567', 'tomas.martinez@gmail.com'),
('2345678903', 'Luciana', 'Ramírez López', 'Avenida 5 # 30-40', 'Bucaramanga', '3178901234', 'luciana.ramirez@gmail.com'),
('3456789014', 'Gabriel', 'Gómez Hernández', 'Carrera 30 # 10-20', 'Santa Marta', '3182345678', 'gabriel.gomez@gmail.com'),
('4567890125', 'Valentina', 'Hernández Martínez', 'Calle 70 # 40-50', 'Pereira', '3196789012', 'valentina.hernandez@gmail.com'),
('5678901236', 'Martín', 'López Ramírez', 'Avenida 20 # 30-40', 'Cúcuta', '3153456789', 'martin.lopez@gmail.com'),
('6789012347', 'Emilia', 'Gómez Pérez', 'Calle 50 # 60-70', 'Bogotá', '3134567890', 'emilia.gomez@gmail.com'),
('7890123458', 'Isaac', 'Ramírez Gómez', 'Carrera 18 # 40-50', 'Medellín', '3209876543', 'isaac.ramirez@gmail.com'),
('8901234569', 'Camila', 'Hernández López', 'Avenida 9 # 20-30', 'Cali', '3112345678', 'camila.hernandez@gmail.com'),
('9012345670', 'Julián', 'Gómez Ramírez', 'Carrera 25 # 30-40', 'Barranquilla', '3145678901', 'julian.gomez@gmail.com'),
('0123456781', 'Valentina', 'Martínez Ramírez', 'Calle 60 # 40-50', 'Cartagena', '3101234567', 'valentina.martinez@gmail.com'),
('1234567892', 'Juan David', 'Ramírez López', 'Avenida 5 # 30-40', 'Bucaramanga', '3178901234', 'juandavid.ramirez@gmail.com'),
('2345678903', 'María José', 'Gómez Hernández', 'Carrera 30 # 10-20', 'Santa Marta', '3182345678', 'mariajose.gomez@gmail.com'),
('3456789014', 'Santiago', 'Hernández Martínez', 'Calle 70 # 40-50', 'Pereira', '3196789012', 'santiago.hernandez@gmail.com'),
('4567890125', 'Emilia', 'López Ramírez', 'Avenida 20 # 30-40', 'Cúcuta', '3153456789', 'emilia.lopez@gmail.com'),
('5678901236', 'Martín', 'Gómez Pérez', 'Calle 50 # 60-70', 'Bogotá', '3134567890', 'martin.gomez@gmail.com'),
('6789012347', 'Isabella', 'Ramírez Gómez', 'Carrera 18 # 40-50', 'Medellín', '3209876543', 'isabella.ramirez@gmail.com'),
('7890123458', 'Lucas', 'Hernández López', 'Avenida 9 # 20-30', 'Cali', '3112345678', 'lucas.hernandez@gmail.com'),
('8901234569', 'Valeria', 'Gómez Ramírez', 'Carrera 25 # 30-40', 'Barranquilla', '3145678901', 'valeria.gomez@gmail.com'),
('9012345670', 'Daniel', 'Martínez Ramírez', 'Calle 60 # 40-50', 'Cartagena', '3101234567', 'daniel.martinez@gmail.com'),
('0123456781', 'Sofía', 'Ramírez López', 'Avenida 5 # 30-40', 'Bucaramanga', '3178901234', 'sofia.ramirez@gmail.com'),
('1234567892', 'Juan Sebastián', 'Gómez Hernández', 'Carrera 30 # 10-20', 'Santa Marta', '3182345678', 'juan.sebastian.gomez@gmail.com'),
('2345678903', 'Camila', 'Hernández Martínez', 'Calle 70 # 40-50', 'Pereira', '3196789012', 'camila.hernandez@gmail.com'),
('3456789014', 'Mateo', 'López Ramírez', 'Avenida 20 # 30-40', 'Cúcuta', '3153456789', 'mateo.lopez@gmail.com'),
('4567890125', 'Valentina', 'Gómez Pérez', 'Calle 50 # 60-70', 'Bogotá', '3134567890', 'valentina.gomez@gmail.com'),
('5678901236', 'Juan Pablo', 'Ramírez Gómez', 'Carrera 18 # 40-50', 'Medellín', '3209876543', 'juanpablo.ramirez@gmail.com'),
('6789012347', 'Mariana', 'Hernández López', 'Avenida 9 # 20-30', 'Cali', '3112345678', 'mariana.hernandez@gmail.com'),
('7890123458', 'Diego', 'Gómez Ramírez', 'Carrera 25 # 30-40', 'Barranquilla', '3145678901', 'diego.gomez@gmail.com'),
('8901234569', 'Valentina', 'Martínez Ramírez', 'Calle 60 # 40-50', 'Cartagena', '3101234567', 'valentina.martinez@gmail.com'),
('9012345670', 'Lucas', 'Ramírez López', 'Avenida 5 # 30-40', 'Bucaramanga', '3178901234', 'lucas.ramirez@gmail.com'),
('0123456781', 'Martina', 'Gómez Hernández', 'Carrera 30 # 10-20', 'Santa Marta', '3182345678', 'martina.gomez@gmail.com'),
('1234567892', 'Santiago', 'Hernández Martínez', 'Calle 70 # 40-50', 'Pereira', '3196789012', 'santiago.hernandez@gmail.com'),
('2345678903', 'Isabella', 'López Ramírez', 'Avenida 20 # 30-40', 'Cúcuta', '3153456789', 'isabella.lopez@gmail.com'),
('3456789014', 'Matías', 'Gómez Pérez', 'Calle 50 # 60-70', 'Bogotá', '3134567890', 'matias.gomez@gmail.com'),
('4567890125', 'Emilia', 'Ramírez Gómez', 'Carrera 18 # 40-50', 'Medellín', '3209876543', 'emilia.ramirez@gmail.com'),
('5678901236', 'Julián', 'Hernández López', 'Avenida 9 # 20-30', 'Cali', '3112345678', 'julian.hernandez@gmail.com'),
('6789012347', 'Valentina', 'Gómez Ramírez', 'Carrera 25 # 30-40', 'Barranquilla', '3145678901', 'valentina.gomez@gmail.com'),
('7890123458', 'Daniel', 'Martínez Ramírez', 'Calle 60 # 40-50', 'Cartagena', '3101234567', 'daniel.martinez@gmail.com'),
('8901234569', 'Luciana', 'Ramírez López', 'Avenida 5 # 30-40', 'Bucaramanga', '3178901234', 'luciana.ramirez@gmail.com'),
('9012345670', 'Gabriel', 'Gómez Hernández', 'Carrera 30 # 10-20', 'Santa Marta', '3182345678', 'gabriel.gomez@gmail.com'),
('0123456781', 'Valeria', 'Hernández Martínez', 'Calle 70 # 40-50', 'Pereira', '3196789012', 'valeria.hernandez@gmail.com'),
('1234567892', 'Lucas', 'López Ramírez', 'Avenida 20 # 30-40', 'Cúcuta', '3153456789', 'lucas.lopez@gmail.com'),
('2345678903', 'Mariana', 'Gómez Pérez', 'Calle 50 # 60-70', 'Bogotá', '3134567890', 'mariana.gomez@gmail.com'),
('3456789014', 'Diego', 'Ramírez Gómez', 'Carrera 18 # 40-50', 'Medellín', '3209876543', 'diego.ramirez@gmail.com'),
('4567890125', 'Valentina', 'Hernández López', 'Avenida 9 # 20-30', 'Cali', '3112345678', 'valentina.hernandez@gmail.com'),
('5678901236', 'Juan Pablo', 'Gómez Ramírez', 'Carrera 25 # 30-40', 'Barranquilla', '3145678901', 'juanpablo.gomez@gmail.com'),
('6789012347', 'Mariana', 'Martínez Ramírez', 'Calle 60 # 40-50', 'Cartagena', '3101234567', 'mariana.martinez@gmail.com'),
('7890123458', 'Tomás', 'Ramírez López', 'Avenida 5 # 30-40', 'Bucaramanga', '3178901234', 'tomas.ramirez@gmail.com'),
('8901234569', 'Luciana', 'Gómez Hernández', 'Carrera 30 # 10-20', 'Santa Marta', '3182345678', 'luciana.gomez@gmail.com'),
('9012345670', 'Camilo', 'Hernández Martínez', 'Calle 70 # 40-50', 'Pereira', '3196789012', 'camilo.hernandez@gmail.com'),
('0123456781', 'Isabella', 'López Ramírez', 'Avenida 20 # 30-40', 'Cúcuta', '3153456789', 'isabella.lopez@gmail.com'),
('1234567892', 'Matías', 'Gómez Pérez', 'Calle 50 # 60-70', 'Bogotá', '3134567890', 'matias.gomez@gmail.com'),
('2345678903', 'Emilia', 'Ramírez Gómez', 'Carrera 18 # 40-50', 'Medellín', '3209876543', 'emilia.ramirez@gmail.com'),
('3456789014', 'Julián', 'Hernández López', 'Avenida 9 # 20-30', 'Cali', '3112345678', 'julian.hernandez@gmail.com'),
('4567890125', 'Valentina', 'Gómez Ramírez', 'Carrera 25 # 30-40', 'Barranquilla', '3145678901', 'valentina.gomez@gmail.com'),
('5678901236', 'Daniel', 'Martínez Ramírez', 'Calle 60 # 40-50', 'Cartagena', '3101234567', 'daniel.martinez@gmail.com'),
('6789012347', 'Luciana', 'Ramírez López', 'Avenida 5 # 30-40', 'Bucaramanga', '3178901234', 'luciana.ramirez@gmail.com'),
('7890123458', 'Gabriel', 'Gómez Hernández', 'Carrera 30 # 10-20', 'Santa Marta', '3182345678', 'gabriel.gomez@gmail.com'),
('8901234569', 'Valeria', 'Hernández Martínez', 'Calle 70 # 40-50', 'Pereira', '3196789012', 'valeria.hernandez@gmail.com'),
('9012345670', 'Lucas', 'López Ramírez', 'Avenida 20 # 30-40', 'Cúcuta', '3153456789', 'lucas.lopez@gmail.com'),
('0123456781', 'Mariana', 'Gómez Pérez', 'Calle 50 # 60-70', 'Bogotá', '3134567890', 'mariana.gomez@gmail.com'),
('1234567892', 'Diego', 'Ramírez Gómez', 'Carrera 18 # 40-50', 'Medellín', '3209876543', 'diego.ramirez@gmail.com'),
('2345678903', 'Valentina', 'Hernández López', 'Avenida 9 # 20-30', 'Cali', '3112345678', 'valentina.hernandez@gmail.com'),
('3456789014', 'Juan Pablo', 'Gómez Ramírez', 'Carrera 25 # 30-40', 'Barranquilla', '3145678901', 'juanpablo.gomez@gmail.com'),
('4567890125', 'Mariana', 'Martínez Ramírez', 'Calle 60 # 40-50', 'Cartagena', '3101234567', 'mariana.martinez@gmail.com'),
('5678901236', 'Tomás', 'Ramírez López', 'Avenida 5 # 30-40', 'Bucaramanga', '3178901234', 'tomas.ramirez@gmail.com'),
('6789012347', 'Luciana', 'Gómez Hernández', 'Carrera 30 # 10-20', 'Santa Marta', '3182345678', 'luciana.gomez@gmail.com'),
('7890123458', 'Camilo', 'Hernández Martínez', 'Calle 70 # 40-50', 'Pereira', '3196789012', 'camilo.hernandez@gmail.com');

-- Desarrollado por Daniela Forero Ballén / ID 1.142.714.225
